{
  "hash": "f7289213",
  "configHash": "7061e61e",
  "lockfileHash": "2e67760b",
  "browserHash": "a1d7ce0d",
  "optimized": {
    "@angular/core": {
      "src": "../../../../../node_modules/@angular/core/fesm2022/core.mjs",
      "file": "@angular_core.js",
      "fileHash": "2c873ddd",
      "needsInterop": false
    },
    "@angular/forms": {
      "src": "../../../../../node_modules/@angular/forms/fesm2022/forms.mjs",
      "file": "@angular_forms.js",
      "fileHash": "8f5aefbc",
      "needsInterop": false
    },
    "@angular/platform-browser": {
      "src": "../../../../../node_modules/@angular/platform-browser/fesm2022/platform-browser.mjs",
      "file": "@angular_platform-browser.js",
      "fileHash": "f1931fc5",
      "needsInterop": false
    }
  },
  "chunks": {
    "chunk-6BIFS6IR": {
      "file": "chunk-6BIFS6IR.js"
    },
    "chunk-R4BUPLND": {
      "file": "chunk-R4BUPLND.js"
    }
  }
}